[{
    "location": {
        "latitude": 407838351,
        "longitude": -746143763
    },
    "name": "Patriots Path, Mendham, NJ 07945, USA"
}, {
    "location": {
        "latitude": 408122808,
        "longitude": -743999179
    },
    "name": "101 New Jersey 10, Whippany, NJ 07981, USA"
}, {
    "location": {
        "latitude": 413628156,
        "longitude": -749015468
    },
    "name": "U.S. 6, Shohola, PA 18458, USA"
}, {
    "location": {
        "latitude": 419999544,
        "longitude": -740371136
    },
    "name": "5 Conners Road, Kingston, NY 12401, USA"
}, {
    "location": {
        "latitude": 414008389,
        "longitude": -743951297
    },
    "name": "Mid Hudson Psychiatric Center, New Hampton, NY 10958, USA"
}, {
    "location": {
        "latitude": 419611318,
        "longitude": -746524769
    },
    "name": "287 Flugertown Road, Livingston Manor, NY 12758, USA"
}, {
    "location": {
        "latitude": 406109563,
        "longitude": -742186778
    },
    "name": "4001 Tremley Point Road, Linden, NJ 07036, USA"
}, {
    "location": {
        "latitude": 416802456,
        "longitude": -742370183
    },
    "name": "352 South Mountain Road, Wallkill, NY 12589, USA"
}, {
    "location": {
        "latitude": 412950425,
        "longitude": -741077389
    },
    "name": "Bailey Turn Road, Harriman, NY 10926, USA"
}, {
    "location": {
        "latitude": 412144655,
        "longitude": -743949739
    },
    "name": "193-199 Wawayanda Road, Hewitt, NJ 07421, USA"
}, {
    "location": {
        "latitude": 404306372,
        "longitude": -741079661
    },
    "name": ""
}, {
    "location": {
        "latitude": 403966326,
        "longitude": -748519297
    },
    "name": ""
}, {
    "location": {
        "latitude": 405002031,
        "longitude": -748407866
    },
    "name": ""
}, {
    "location": {
        "latitude": 409532885,
        "longitude": -742200683
    },
    "name": ""
}, {
    "location": {
        "latitude": 416851321,
        "longitude": -742674555
    },
    "name": ""
}, {
    "location": {
        "latitude": 406411633,
        "longitude": -741722051
    },
    "name": "3387 Richmond Terrace, Staten Island, NY 10303, USA"
}, {
    "location": {
        "latitude": 413069058,
        "longitude": -744597778
    },
    "name": "261 Van Sickle Road, Goshen, NY 10924, USA"
}, {
    "location": {
        "latitude": 418465462,
        "longitude": -746859398
    },
    "name": ""
}, {
    "location": {
        "latitude": 411733222,
        "longitude": -744228360
    },
    "name": ""
}, {
    "location": {
        "latitude": 410248224,
        "longitude": -747127767
    },
    "name": "3 Hasta Way, Newton, NJ 07860, USA"
}]
